distance,traffic,weather,processing_time,delivery_time
5,1,1,10,25.0
10,2,0,15,45.0
15,3,1,20,70.0
8,1,0,12,35.0
20,2,1,25,90.0
12,3,0,18,60.0
7,1,1,11,30.0
25,2,0,30,110.0
18,3,1,22,85.0
6,1,0,10,28.0
10,1,0,15,46.16666666666666
1,1,1,15,30.37499999999997
4,1,1,8,18.322916666666654
